artwork_dir,artwork_file,artwork_title,artwork_year,artist_name,artist_lifespan,artwork_medium,artwork_description
Alphonse_Mucha,Alphonse Mucha_1894_Gismonda.jpg,Gismonda,1894,Alphonse Mucha,1860–1939,Lithograph on paper,"***Gismonda*** (**1894**) is the work that changed **Alphonse Mucha**'s life overnight. On *December 26, 1894*, the regular printer's studio was nearly deserted for the holiday when **Sarah Bernhardt** — the most celebrated actress in the world — demanded a new poster for her play at the *Théâtre de la Renaissance* within days. *Mucha*, a little-known *Moravian* illustrator working at the studio to make ends meet, was the only draughtsman available and received the commission by default. The resulting **lithograph on paper** — its tall, Byzantine-haloed figure of Bernhardt swathed in brocade and clutching a palm frond, set within an arched decorative border of orchids and mosaic gold — was pasted across *Paris* and caused an immediate sensation. *Bernhardt* signed *Mucha* to an exclusive six-year contract the same week, and *Parisians* coined the term `le style Mucha` for the ***sinuous, ornamental, woman-centred beauty*** that would define a generation of decorative art."
Alphonse_Mucha,Alphonse Mucha_1899_Hamlet.jpg,Hamlet,1899,Alphonse Mucha,1860–1939,Oil on canvas,"***Hamlet*** (**1899**) is among the last of the theatrical posters **Alphonse Mucha** created under his exclusive contract with **Sarah Bernhardt**, who had played the *Prince of Denmark* en travesti — as a woman in the title role — in a celebrated production that shocked and thrilled *Paris*. For *Mucha*, representing *Bernhardt*'s *Hamlet* required capturing the central ambiguity of both the character and the casting: the ***spectral, androgynous melancholy*** of a figure suspended between action and paralysis, rendered in his characteristic manner of flowing lines, elaborate decorative borders, and a face of ***transcendent, otherworldly calm***. The poster demonstrates how completely *Mucha*'s style had by **1899** become inseparable from *Bernhardt*'s own public image — each feeding the other's celebrity in a symbiosis that made their partnership one of the most productive in the history of commercial art. The contract would expire the following year, freeing both artist and actress to pursue other collaborators."
Alphonse_Mucha,Alphonse Mucha_1899_Austria at the Exposition Universelle.jpg,Austria at the Exposition Universelle,1899,Alphonse Mucha,1860–1939,Oil on canvas,"**Austria at the Exposition Universelle** (**1899**) was created to represent the *Austro-Hungarian Empire* at the *Exposition Universelle* of **1900** in *Paris* — the great world's fair that attracted fifty million visitors and showcased the full flowering of `Art Nouveau` as a total design philosophy. The commission placed **Alphonse Mucha** in a poignant personal position: he was a *Moravian Czech* born in a territory of the *Austrian Empire*, and representing *Austria* decoratively required him to articulate a cultural identity he experienced, to a degree, as imposed and external. The allegorical female figure, embodying the empire in *Mucha*'s signature style of ***Byzantine ornament and sinuous botanical border***, carries both the expected official splendour and a quality of ***self-contained, almost ironic distance*** — as if the painter were honouring a commission while privately reserving his deepest loyalties for the *Slavic* peoples whose epic history he was already planning to paint."
Alphonse_Mucha,Alphonse Mucha_1897_Cycles Perfecta.jpg,Cycles Perfecta,1897,Alphonse Mucha,1860–1939,Lithograph on paper,"***Cycles Perfecta*** (**1897**) belongs to the wave of bicycle advertising that swept *Belle Époque Paris* as the `vélo` became the decade's defining symbol of ***modern freedom, speed, and independence*** — particularly for women, whose mobility the bicycle transformed more radically than any previous technology. **Alphonse Mucha** places a young woman at the centre of the composition in a manner that is characteristically his own: her flowing hair and garments echo the wheels of the bicycle, the organic curves of `Art Nouveau` line echoing and celebrating the machine's mechanical curves, so that modernity and nature become ***formally indistinguishable***. Executed as a **lithograph on paper**, the poster demonstrates the extraordinary commercial versatility of *Mucha*'s style: a visual language developed for theatrical royalty like *Bernhardt* transferred seamlessly to the mass consumer market, simultaneously elevating the product and democratising the beauty. The *Cycles Perfecta* woman does not sell bicycles so much as she ***embodies the feeling of riding one***: free, graceful, and absolutely at ease in motion."
Alphonse_Mucha,Alphonse Mucha_1897_Fruit.jpg,Fruit,1897,Alphonse Mucha,1860–1939,Oil on canvas,"***Fruit*** (**1897**) belongs to the celebrated series of `panneaux décoratifs` that **Alphonse Mucha** produced across the mid-**1890s** — works designed not as posters or advertisements but as purely decorative objects for domestic interiors, printed in large runs and sold at accessible prices to bring ***élite aesthetic pleasure into the bourgeois home***. The *Fruit* panel is paired with a *Flower* counterpart, together forming one of his most harmonious complementary series: the female figure in each is presented not as portrait or character but as an ***allegorical personification*** of natural abundance, her flowing garments and the botanical elements of the border forming a seamless visual unity between the human and the organic. Executed with the exquisite refinement of his mature decorative practice, the panel demonstrates *Mucha*'s conviction — shared with the entire `Art Nouveau` movement — that ***beautiful everyday objects could elevate the quality of life*** in a way that gallery paintings, accessible only to the wealthy, never could."
Alphonse_Mucha,Alphonse Mucha_1896_Job.jpg,Job,1896,Alphonse Mucha,1860–1939,Oil on canvas,"***Job*** (**1896**) is one of the most celebrated of **Alphonse Mucha**'s commercial poster designs: an advertisement for *Job* brand cigarette papers in which the act of smoking is transformed into an ***act of aesthetic rapture***. A young woman with extraordinarily flowing hair raises a lit cigarette; the smoke curls upward and merges with the decorative border in a visual rhyme that equates the pleasure of smoking with the pleasure of beauty itself — an equation that *Mucha*'s art made with a directness that still seems ***remarkably modern***. The poster participates in the tradition of *Belle Époque* tobacco advertising that consistently enlisted female beauty and sensory pleasure in service of product promotion, and *Mucha* brings to it the full resources of his `Art Nouveau` ornamental vocabulary: the woman's hair, the smoke, and the decorative frame form a single ***continuous sinuous system*** that makes the entire image feel like a single, unbroken visual breath. It became one of the most widely reproduced images of its era."
Alphonse_Mucha,Alphonse Mucha_1908_Leslie Carter.jpg,Leslie Carter,1908,Alphonse Mucha,1860–1939,Oil on canvas,"***Leslie Carter*** (**1908**) was created during **Alphonse Mucha**'s *American* period — the years from **1904** to **1910** when he spent extended time in the *United States*, seeking the patronage and financial means to fund his great ambition: the `Slovanská epopej` — the *Slav Epic* — the cycle of monumental paintings that would be his life's ultimate work. *Leslie Carter* was one of *Broadway*'s most celebrated actresses of the *Gilded Age*, the so-called `Sarah Bernhardt of America`, and the comparison was not lost on *Mucha*, who had built his European career entirely on his partnership with the French original. The image's tall, flame-haired heroine surrounded by the characteristic *Mucha* ornamental apparatus of flowing line and decorative arch demonstrates how completely his visual language retained its power even transposed to a *New World* context. It also reveals the ***melancholy irony*** of *Mucha*'s American years: the `Art Nouveau` style he had invented was already being declared passé in *Paris*, yet in *America* it remained vital and commercially potent."
Alphonse_Mucha,Alphonse Mucha_1897_Salomé.jpg,Salomé,1897,Alphonse Mucha,1860–1939,Lithograph on paper,"***Salomé*** (**1897**) engages the most dangerously seductive female figure in the late nineteenth-century imagination — the *Judean princess* who danced for *Herod* and demanded the head of *John the Baptist* on a platter, and who had become, in the hands of *Oscar Wilde*, *Gustave Moreau*, and *Aubrey Beardsley*, the ***defining image of `fin-de-siècle` erotic menace and femme fatale mythology***. **Alphonse Mucha**'s *Salomé*, a **lithograph on paper** created as an illustration for *Armand Sylvestre*'s dramatic text, diverges from *Beardsley*'s sinister black-and-white version with characteristic difference: where *Beardsley* gives a ***figure of sharp, malevolent line***, *Mucha* renders *Salomé* with his signature sinuous beauty — the ornamental border, the flowing hair, the expression more ***melancholy than murderous*** — as if even the most transgressive subject he engaged could only emerge through the lens of his inescapable aesthetic of ***feminine grace***."
Alphonse_Mucha,Alphonse Mucha_1896_Zodiac.jpg,Zodiac,1896,Alphonse Mucha,1860–1939,Oil on canvas,"***Zodiac*** (**1896**) was originally created as a decorative calendar for the *Paris* printing firm *Champenois* — the printer who produced the majority of *Mucha*'s most celebrated posters — and became one of his most widely reproduced and commercially successful images. The female head at the centre of the composition, framed by the circular arc of the zodiac signs rendered in *Mucha*'s characteristically jewelled ornamental style, achieves something remarkable: a ***unification of the cosmic and the intimate***, the ancient astrological wheel of time set as a halo around a single, gentle, particular human face. **Alphonse Mucha** was deeply interested in *theosophy*, *Freemasonry*, and esoteric tradition throughout his life, and ***Zodiac*** reflects this dimension of his thinking: the decorative frame is not merely ornament but ***symbolic architecture***, placing the human figure at the centre of cosmic time in a gesture that is part `Art Nouveau` design and part ***spiritual diagram***. The richness of the golden mosaic surround anticipates the Byzantine mysticism of his later `Slav Epic` canvases."
Alphonse_Mucha,Alphonse Mucha_1896_La Tosca.jpg,La Tosca,1896,Alphonse Mucha,1860–1939,Oil on canvas,"***La Tosca*** (**1896**) advertises one of **Sarah Bernhardt**'s most celebrated roles: the passionate *Roman* opera singer of *Victorien Sardou*'s melodrama, who was also the subject of *Puccini*'s opera premiered just four years later in **1900**. *Mucha*'s poster places *Bernhardt* as *Tosca* within his characteristic compositional schema of ***figure-and-frame***: the actress occupies the pictorial centre with an expression of ***fierce, concentrated intensity*** unusual in his work, where faces more often carry the quality of ***serene, transcendent repose***. Executed with the full resources of his `Art Nouveau` decorative vocabulary — the Byzantine arch overhead, the mosaic-patterned ground, the sinuous botanical border below — the poster demonstrates how effectively *Mucha*'s visual system could accommodate emotional range: the ornamental apparatus remains constant, but within it *Tosca*'s dramatic power is unmistakable and ***genuinely commanding***."
Alphonse_Mucha,Alphonse Mucha_1896_Flirt.jpg,Flirt,1896,Alphonse Mucha,1860–1939,Oil on canvas,"***Flirt*** (**1896**) is a decorative design for *Lefèvre-Utile* biscuits whose title evokes the playful, sweet-natured social pleasures of *Belle Époque* Parisian life that *Mucha*'s images both reflected and helped construct. The word `flirt` — adopted into *French* from *English* in the nineteenth century — carried connotations of ***light, harmless, pleasurable social exchange***, the opposite of the dangerous erotic intensity of a *Salomé*, and **Alphonse Mucha** renders it with a correspondingly lighter palette and more playful facial expression than his more serious decorative works. The image participates in the broader project of his commercial art: the transformation of everyday consumer products into ***vehicles of aesthetic experience*** through the application of a visual style so beautiful, so ornate, and so consistently appealing that it made the distinction between fine art and advertising feel temporarily irrelevant. In this small design, as in his greatest posters, *Mucha* is the ***irresistible, completely successful seducer of the consumer's eye***."
Alphonse_Mucha,Alphonse Mucha_1896_The Lady of the Camellias.jpg,The Lady of the Camellias,1896,Alphonse Mucha,1860–1939,Oil on canvas,"***The Lady of the Camellias*** (**1896**) promotes **Sarah Bernhardt**'s definitive performance as *Marguerite Gautier* in *Alexandre Dumas fils*'s tragic courtesan drama — a role she had played for decades and which had become so identified with her person that the dying consumptive and the living actress had fused in the public imagination into a ***single cultural icon of beautiful, doomed femininity***. *Mucha*'s poster, created in the first full year of his partnership with *Bernhardt*, shows *Marguerite* entirely in his own visual language: the face specific enough to be a portrait but generalised enough to be an ***archetype***, the camellias that give the play its title woven into the decorative border alongside *Mucha*'s characteristic botanical motifs. There is something additionally poignant in the conjunction of *Bernhardt* — a woman who had survived poverty, scandal, and decades of unremitting theatrical labour — with a character defined by ***passive surrender to illness and fate***: the actress and the role existed in a relationship of permanent and ***productive irony***."
Alphonse_Mucha,Alphonse Mucha_1896_Salon des Cent.jpg,Salon des Cent,1896,Alphonse Mucha,1860–1939,Oil on canvas,"***Salon des Cent*** (**1896**) was designed by **Alphonse Mucha** to publicise his own first major solo exhibition, held at the *Salon des Cent* — the gallery on the *Boulevard Saint-Germain* that provided a prestigious showcase for the graphic arts in *Belle Époque Paris*. The poster is therefore simultaneously an ***advertisement and an aesthetic manifesto***: a concentrated statement of *Mucha*'s visual identity as he himself wished it to be publicly understood, in the year — barely two years after ***Gismonda*** — when his ascent from obscurity to celebrity had been almost vertiginously swift. The female figure is presented in his most ***rarefied and self-assured manner***: the profile subtly Byzantine, the hair an elaborate architectonic structure of curls and ornament, the surface ***dense with the jewelled pattern-making*** that had become his unmistakable signature. By **1896**, `le style Mucha` was not merely a description of one artist's manner but a ***cultural phenomenon*** with imitators, critics, and a global commercial reach."
Alphonse_Mucha,Alphonse Mucha_1896_The Seasons.jpg,The Seasons,1896,Alphonse Mucha,1860–1939,Oil on canvas,"***The Seasons*** (**1896**) is one of **Alphonse Mucha**'s most celebrated decorative series: four `panneaux décoratifs` in which Spring, Summer, Autumn, and Winter are each allegorised through a female figure whose ***garments, flowers, fruits, and atmospheric palette*** embody the emotional character of her season. The series translates the ancient literary tradition of the four seasons — running from *Virgil*'s *Georgics* through *Vivaldi* to the *Romantic* poets — into the visual language of `Art Nouveau`, where the organic recurrence of the natural year and the sinuous ornamentalism of the style are ***naturally and perfectly aligned***. Spring's tender green and flowering blossom, Summer's warm abundance, Autumn's golden harvest richness, Winter's silver austerity — *Mucha* renders each with a chromatic and botanical specificity that makes the series simultaneously a ***catalogue of natural beauty and a meditation on time***, on the consoling regularity with which the world renews itself. He would return to this series in later variant versions, never exhausting the possibilities of a subject so fully suited to his particular genius."
Alphonse_Mucha,Alphonse Mucha_1897_F. Guillot-Pelletier.jpg,F. Guillot-Pelletier,1897,Alphonse Mucha,1860–1939,Oil on canvas,"***F. Guillot-Pelletier*** (**1897**) is a poster design for a *Paris* perfumer — a product category for which **Alphonse Mucha**'s visual style was particularly well-suited, the associations of botanical beauty, feminine luxury, and ***aromatic sensory pleasure*** all finding their natural register in his ornamental language. The commission belongs to the broader ecology of *Mucha*'s commercial *Paris* years, when his studio on the *Rue du Val-de-Grâce* was producing work for an extraordinary range of clients simultaneously: theatrical posters, product advertisements, magazine covers, calendars, and decorative panels all poured from the same hand in the same period. The ***coherence of *Mucha*'s style*** across these utterly different contexts is part of what made him so commercially irresistible: whether advertising a theatrical legend or a modest perfume house, the visual vocabulary remained constant, and its consistent beauty conferred upon every product it touched a quality of ***aspirational élégance*** that transcended the specific commodity being sold."
Alphonse_Mucha,Alphonse Mucha_1897_Reverie.jpg,Reverie,1897,Alphonse Mucha,1860–1939,Oil on canvas,"***Reverie*** (**1897**) is a `panneau décoratif` — one of the series of independent decorative prints for which **Alphonse Mucha** was celebrated beyond his theatrical and commercial poster work — and has been identified as the work *Mucha* himself considered closest to the heart of his artistic intentions. Where his commercial work required a woman who sold something — a play, a product, a performance — the decorative panels asked only for ***pure presence***: a figure absorbed in her own inner life, existing for no purpose but the contemplation and embodiment of ***beauty as an end in itself***. The `rêverie` — the *French* word conveying not just daydreaming but a ***specific quality of inward absorption in the beautiful*** — was a state that the entire `Art Nouveau` movement sought to induce in its viewers, and *Mucha*'s image achieves it with particular perfection: a woman lost in thought, surrounded by swirling botanical ornament, existing in a time and space that is ***neither historical nor modern but perpetually, timelessly suspended***."
Alphonse_Mucha,Alphonse Mucha_1898_The Rose.jpg,The Rose,1898,Alphonse Mucha,1860–1939,Oil on canvas,"***The Rose*** (**1898**) belongs to the *Flowers* series of decorative panels that **Alphonse Mucha** created in **1898** — alongside *Lily*, *Iris*, and *Carnation* — as `panneaux décoratifs` that took as their subject the ***relationship between woman and flower*** as mutual embodiments of transient, exquisite beauty. The rose was the most culturally privileged of all flowers in the Western ornamental tradition, its long association with love, femininity, and the ***sweet brevity of beauty*** making it the natural centre of such a series. *Mucha* places his rose-woman within the full apparatus of his decorative vocabulary: the circular frame that rhymes with the flower's own radial structure, the botanical border that blurs the boundary between woman and plant, the warm golden-pink palette that makes the entire image feel ***suffused with the fragrance it depicts***. The *Flowers* series is among the purest expressions of *Mucha*'s conviction that the ultimate purpose of decorative art was not to persuade or narrate but simply to ***give beauty to the world***."
Alphonse_Mucha,Alphonse Mucha_1896_Biscuits Lefèvre-Utile.jpg,Biscuits Lefèvre-Utile,1896,Alphonse Mucha,1860–1939,Oil on canvas,"**Biscuits Lefèvre-Utile** (**1896**) is among **Alphonse Mucha**'s most charming commercial designs: an advertisement for the *Nantes* biscuit manufacturer *LU* — whose distinctive brand identity remains recognisable in *France* to this day — that transforms the simple pleasure of eating a biscuit into an image of ***unaffected, domestic sweetness***. Where his theatrical posters carry the grandeur of celebrity and the weight of the stage, this confectionery advertisement engages a different register entirely: a young woman with a tin of biscuits, her expression warm and direct, the decorative border lighter and more playful than in his more elaborate works. **Mucha** was a deeply democratic artist in his aspirations, genuinely believing that beautiful design belonged in every kitchen and parlour, not merely in theatres and galleries, and ***Biscuits Lefèvre-Utile*** enacts that belief: it is `Art Nouveau` in its most unpretentious form, high art in service of the ***most ordinary and lovable of everyday pleasures***."
Alphonse_Mucha,Alphonse Mucha_1908_Portrait of Josephine Crane-Bradley as Slavia.jpg,Portrait of Josephine Crane-Bradley as Slavia,1908,Alphonse Mucha,1860–1939,Oil on canvas,"***Portrait of Josephine Crane-Bradley as Slavia*** (**1908**) occupies a uniquely personal position in **Alphonse Mucha**'s body of work: its subject is the daughter of *Charles Crane*, the *American* industrialist and philanthropist whose generous financial support made the enormous `Slovanská epopej` — the *Slav Epic* — possible. *Josephine Crane-Bradley* is depicted as `Slavia` — the allegorical personification of the *Slavic* peoples — a role that transforms the portrait into a ***political and cultural statement*** as well as a personal tribute: the benefactor's daughter elevated to serve as the ***face of Slavic national identity and pride***. Painted in *Mucha*'s most accomplished portrait manner, blending his decorative `Art Nouveau` style with the psychological depth of fine-art portraiture, the image represents the convergence of his two worlds — American patronage and *Moravian* patriotism — in a single, ***luminous, deeply felt gesture of gratitude and devotion***."
Alphonse_Mucha,Alphonse Mucha_1926_The Apotheosis of the Slavs.jpg,The Apotheosis of the Slavs,1926,Alphonse Mucha,1860–1939,Oil on canvas,"***The Apotheosis of the Slavs*** (**1926**) is the twentieth and final canvas of **Alphonse Mucha**'s `Slovanská epopej` — the `Slav Epic` — the cycle of monumental paintings that occupied the central twenty years of his life and which he considered his supreme and defining achievement, the work for which all his celebrated commercial success had merely been a means of accumulating the resources and the time. Funded by his *American* patron *Charles Crane* and painted on canvases of extraordinary scale, the `Slav Epic` charts the cultural, spiritual, and political history of the *Slavic peoples* from their mythological origins to their modern national renaissance. The final canvas achieves a visionary synthesis: figures from across the full sweep of *Slavic* history assembled in ***a great upward-reaching tableau***, the light descending from above in a manner simultaneously Baroque and *Symbolist*, the whole conceived as a ***hymn to the survival, dignity, and indestructible spiritual identity*** of a people who had endured centuries of domination. *Mucha* donated the entire cycle to the city of *Prague* in **1928**; he died in July **1939**, likely as a consequence of his *Gestapo* interrogation following the *Nazi* occupation of *Czechoslovakia*."
Alphonse_Mucha,Alphonse Mucha_1918_Song of Bohemia.jpg,Song of Bohemia,1918,Alphonse Mucha,1860–1939,Oil on canvas,"***Song of Bohemia*** (**1918**) was created in one of the most consequential years of *Alphonse Mucha*'s personal history: the year *Czechoslovakia* achieved independence from the *Austro-Hungarian Empire* with the proclamation of the republic on *October 28, 1918*, fulfilling the national aspirations he had harboured all his professional life. He threw himself into the service of the new state with extraordinary generosity: he designed the ***first postage stamps*** of *Czechoslovakia*, the first *banknotes*, and created emblems that would give visual form to a nation that had just come into being. ***Song of Bohemia*** belongs to this celebratory outpouring — a work in which the female figure is not merely decorative but ***patriotic and political***, the embodiment of a ***Bohemian national identity*** finally free to express itself openly after centuries of *Habsburg* cultural dominance. The painting represents **Mucha** at his most personally committed: turning the full power of the most celebrated decorative style of the age toward the ***liberation of his homeland***."
Alphonse_Mucha,Alphonse Mucha_1896_Lorenzaccio.jpg,Lorenzaccio,1896,Alphonse Mucha,1860–1939,Oil on canvas,"***Lorenzaccio*** (**1896**) advertises **Sarah Bernhardt**'s celebrated production of *Alfred de Musset*'s **1834** *Romantic* drama — a brooding, *Shakespearean* tragedy of political assassination and moral corruption set in *sixteenth-century Florence*, in which *Bernhardt* again took the title role en travesti, as she had done with *Hamlet*. The work placed *Mucha* in dialogue with *Musset*'s distinctively dark vision of the *Renaissance* as a world of beautiful surfaces concealing ***violence, compromise, and spiritual corruption*** — a world the `Art Nouveau` movement's emphasis on ornamental beauty might seem to be in flight from, but which its better artists understood they were inevitably implicated in. *Mucha* renders *Lorenzaccio* with a ***brooding gravity*** unusual in his theatrical work, the figure's expression carrying something of the character's terrible interiority — the man who must commit murder to redeem himself and discovers that redemption does not follow. The decorative apparatus is present but ***subdued***, as if bowing to the weight of the subject it frames."
Alphonse_Mucha,Alphonse Mucha_1896_Lance Parfum "Rodo".jpg,Lance Parfum "Rodo",1896,Alphonse Mucha,1860–1939,Lithograph on paper,"***Lance Parfum `Rodo`*** (**1896**) is one of **Alphonse Mucha**'s most technically refined works: a *lithograph* advertising the *Rodo* perfume atomiser — a luxury personal-care device whose name derives from the *Greek* word for *rose* — and a commission that gave him the opportunity to explore the relationship between ***fragrance, femininity, and the act of transformation*** that the Art Nouveau movement understood as central to its aesthetic. A perfume atomiser was the ideal *Belle Époque* luxury object: something that turned the invisible into the perceptible, that altered the very air around the body, and that did so through technology made beautiful enough to be kept on a dressing table. *Mucha*'s image renders the product almost incidentally, focusing instead on ***the woman in the act of becoming***: the perfume a halo, the ornament a second skin, the lithographic line a trembling of the air itself. The `lance parfum` — the *perfume lance* — becomes in his hands not a commercial product but a ***wand of self-fashioning***, beauty's own instrument."
Alphonse_Mucha,Alphonse Mucha_1896_Champagne Ruinart.jpg,Champagne Ruinart,1896,Alphonse Mucha,1860–1939,Oil on canvas,"***Champagne Ruinart*** (**1896**) is an advertisement for *Ruinart* — the oldest established champagne house in *France*, founded in **1729** in *Reims* — and it places the ***most prestigious of all French luxury beverages*** in the hands of **Alphonse Mucha**'s most rarefied decorative style. The commission sits at the convergence of two nineteenth-century cultural mythologies: the *Belle Époque* cult of feminine luxury and the *Third Republic*'s export of French cultural goods — wine, fashion, perfume, and art — as the material embodiment of a superior civilisation. In *Mucha*'s image, champagne is not merely a drink but ***a way of existing in the world***: effervescent, golden, light-filled, surrounded by beauty, and possessed of an ***irresistible desire to celebrate***. The poster demonstrates why his commercial clients valued him so extravagantly: he did not merely illustrate their products but ***elevated them into aspirations***, giving even a bottle of wine the aura of something approaching the ***divine*** through the alchemy of his decorative imagination."
Alphonse_Mucha,Alphonse Mucha_1898_Waverley Cycles.jpg,Waverley Cycles,1898,Alphonse Mucha,1860–1939,Pastel,"***Waverley Cycles*** (**1898**) is the *British* counterpart to *Mucha*'s earlier *Cycles Perfecta* poster, advertising an *English* bicycle manufacturer's product with the same visual argument: that the freedom and grace of the bicycle are ***naturally expressed through the language of `Art Nouveau` ornamentalism***. Executed in **pastel** — a medium that suited *Mucha*'s characteristic preference for soft, luminous colour and the blended, atmospheric quality of his tonal transitions — the image presents a young woman with flowing copper hair who appears to ***float above the earth*** on her bicycle, the wheels reduced to ornamental circles more evocative of the *Buddhist wheel of dharma* or *Mucha*'s own `Zodiac` than of any actual mechanical product. The `Waverley` company's *Scottish* literary name — invoking *Sir Walter Scott*'s celebrated novels — adds a further cultural resonance to a poster already richly loaded: cycling as ***romantic freedom, as national aspiration, as the embodiment of a modern life that is also, mysteriously, ancient and beautiful***."
Alphonse_Mucha,Alphonse Mucha_1896_The Illustration Christmas.jpg,The Illustration Christmas,1896,Alphonse Mucha,1860–1939,Oil on canvas,"***The Illustration Christmas*** (**1896**) was created as a cover design for the *Christmas* issue of *L'Illustration* — the most prestigious illustrated magazine in *France* and one of the most widely circulated periodicals in the world, whose holiday issues were produced with exceptional quality and distributed across the country as coveted seasonal gifts. The commission placed **Alphonse Mucha** in the tradition of *French* allegorical illustration that had given the country's magazines their particular cultural authority, and he responded with a design that inflects the *Christmas* theme through his own decorative idiom: the figure neither *Virgin* nor secular beauty entirely, but something ***between the sacred and the ornamental*** that was characteristic of `Art Nouveau`'s uneasy and productive negotiation between *Christian* iconography and *Symbolist* aesthetics. The image reaches into the ***domestic warmth*** of the French Christmas and renders it in the visual language of the age's most admired decorative style."
Alphonse_Mucha,Alphonse Mucha_1897_At the Latin Quarter.jpg,At the Latin Quarter,1897,Alphonse Mucha,1860–1939,Oil on canvas,"***At the Latin Quarter*** (**1897**) is a decorative calendar design that evokes the ***bohemian student world*** of *Paris*'s *Left Bank* — the arrondissements around the *Sorbonne* and *Odéon* where artists, students, and writers lived and argued in the cheerful, aspirational poverty that *Belle Époque* mythology had elevated into its most celebrated social ideal. **Alphonse Mucha** inhabited this world himself during his early *Paris* years, and his affectionate evocation of it carries the warmth of ***personal memory as well as decorative calculation***. The *Latin Quarter* was also, in **1897**, the neighbourhood in which *Mucha* had his studio on the *Rue du Val-de-Grâce*, and the calendar was as much a tribute to his own creative community — the printers, models, composers, and fellow painters who made *Montparnasse* and *Saint-Germain* the ***most intellectually charged neighbourhood in the world*** — as it was a commercial product. In his hands, even a calendar became a ***small act of devotion to the place and the life he had chosen***."
